Period,unknown,3G,2G,LTE
2023-03-23,1564.8155723959208,58669.83187843952,291.65849328693,1112118.5726201907
2023-03-24,1485.4584042979404,63449.88842563238,313.071737668477,1173520.8861009497
2023-03-25,1211.9674266623333,65280.19078832399,326.58458266966045,1202129.2312988173
2023-03-26,790.8081298386678,67313.35412422195,337.6659372635186,1224979.5705446694
2023-03-27,660.5932228090242,66176.02578078117,324.8107133526355,1102328.1858880538
2023-03-28,584.1285640047863,65913.95699967537,325.0454159844667,1130042.9578082822
2023-03-29,623.8944291109219,65002.44373196643,313.7924615330994,1138640.2495283447
2023-03-30,621.2104541948065,64879.521473364905,319.78946791868657,1103040.528047774
2023-03-31,555.8949958877638,64757.03255517408,322.0694861020893,1133048.2899296936
2023-04-01,524.4062616191804,71100.99054990988,348.2467672256753,1289601.6448314022
2023-04-02,459.6205942351371,74404.40806857403,380.5586575269699,1349452.367865881
2023-04-03,580.9107574727386,67603.25611142069,339.44390531722456,1198460.2395900432
2023-04-04,601.3639737712219,64646.83380546048,303.8507918920368,1142126.8452979904
2023-04-05,597.8965514944866,66099.55263775773,316.02110800985247,1172030.2000304405
2023-04-06,476.97781612351537,64140.45349725522,298.28847012203187,1041415.2012708504
2023-04-07,514.107531953603,64530.13012974989,304.7287029437721,1092267.924818145
2023-04-08,518.6505904104561,65204.41967537347,311.0059033995494,1138180.9664143901
2023-04-09,430.74779445305467,68661.31093276571,324.4165017083287,1203394.2650845554
2023-04-10,534.7064784066752,63692.34232057445,292.62731158640236,1097935.917417938
2023-04-11,569.1215192517266,63714.354168939404,296.167242012918,1115142.6616038382
2023-04-12,4552.855579177849,66599.36777707469,300.96382185351104,1165769.9051861186
2023-04-13,586.0659805582836,67272.35758849699,308.76563612371683,1176074.6032808349
2023-04-14,568.082234009169,66096.06214418169,309.72040394693613,1168534.019985646
2023-04-15,477.30856989044696,66567.5634844834,313.43894864898175,1202150.1051042974
2023-04-16,440.27494058944285,68980.22867448069,327.22979111317545,1243908.1737085804
2023-04-17,512.9088006317616,62764.44232970476,287.9166179932654,1112635.9671359323
2023-04-18,532.8315938049927,63226.933230371214,295.46640427503735,1121655.5961736664
2023-04-19,540.4681371571496,63383.619908529334,298.7547586746514,1127719.4835316576
2023-04-20,504.92019411642104,64916.70160829928,341.9728889800608,1161433.3074960578
2023-04-21,382.16609081160277,69323.5914709568,463.02098246570677,1152316.3944925647
2023-04-22,338.2460154425353,61599.34132176358,406.35530336759984,1041941.2777667772
2023-04-23,324.12605590280145,61977.44136492256,364.032700587064,1084711.2277372554
2023-04-24,19630.90291741211,58988.99766767118,322.4125393079594,1037706.6888909508
2023-04-25,4680.1565734781325,60913.24487207271,332.68245088122785,1079919.8486622702
2023-04-26,3943.459945754148,60046.65137977991,320.7108361227438,1076507.7284508944
2023-04-27,2120.21278249193,59714.67186227441,317.1668751919642,1071067.3759763595
2023-04-28,1872.7513806847855,60489.47468875814,323.52057521604,1093409.6235657576
2023-04-29,1380.087391779758,63783.809755456634,349.0657244184986,1171146.7159743235
2023-04-30,956.6792880976573,67507.59644335788,378.3568777553737,1232501.4748964738
2023-05-01,738.3583023324609,68813.73947458249,387.2202836154029,1297019.4608667586
2023-05-02,892.1479021077976,62949.097218159586,338.49268210027367,1188120.48624889
2023-05-03,803.6266172351316,62560.498219710775,329.1939598005265,1142437.547141714
2023-05-04,776.5153464777395,61928.96373785753,322.99524827394634,1101610.5655125622
2023-05-05,704.1386054418981,62452.48559339717,330.2997269211337,1132626.587666031
2023-05-06,659.5334992147982,65255.06458582729,339.62063792254776,1220333.1448952109
2023-05-07,584.0634215855971,68050.87527645007,365.05835288763046,1272123.699846249
2023-05-08,2169.444109380245,65505.6556679178,358.50648780260235,1181869.40761704
2023-05-09,13561.428710470907,63672.058563952334,336.10544829349965,1141794.7351709194
2023-05-10,22332.83308863733,62326.64642964117,327.68423162586987,1131946.3465757202
2023-05-11,29717.780436420813,63696.357174001634,343.78378007374704,1133174.1111951042
2023-05-12,36370.00404217094,64910.52020474151,352.82621545158327,1157842.7515821904
2023-05-13,45492.33218251262,66362.33790593222,362.97640877682716,1197955.4428404104
2023-05-14,54111.81767371204,69513.08455442917,393.442928805016,1264984.2721432075
2023-05-15,53655.72269527055,63337.23299247306,353.8509409725666,1124090.3303387575
2023-05-16,56325.24176540598,60841.91322509386,317.27838307246566,1092501.7214944959
2023-05-17,59740.8814140996,60289.98944731802,303.92595692072064,1074597.35059632
2023-05-18,61736.811354276724,59550.78106931038,305.18447425495833,1056045.7452764362
2023-05-19,66344.86630881485,61916.07482573204,326.6244824640453,1089529.6660028864
2023-05-20,74612.17379408889,65234.48279860616,366.34070731978863,1159470.6675128918
2023-05-21,71760.42699179798,60808.543511811644,339.39262646529824,1085031.1688059475
2023-05-22,71900.88585486542,58934.79430321511,297.48589849844575,1041129.8411725834
2023-05-23,70548.08896462526,58969.12621439714,300.10239745583385,1030347.9854567349
2023-05-24,73608.33839142695,59486.668962216936,311.3530469732359,1048278.7860965915
2023-05-25,73895.58229016978,61301.349110203795,343.25490623153746,1073356.6631816886
2023-05-26,63888.37232357357,60178.0070586456,327.2212773412466,1054681.933570644
2023-05-27,71898.6911040172,61356.12519118469,330.4934554044157,1102612.709115604
2023-05-28,76399.17867098935,63647.86687527783,346.77088308986276,1138670.1557785645
2023-05-29,72229.87224420346,59004.83157686237,317.30161069054157,1052221.0850837734
2023-05-30,72614.7805364728,58780.56364386529,331.8646698119119,1037454.4468284771
2023-05-31,76307.38199958485,61010.403115718625,351.32776971906424,1079868.1580711715
2023-06-01,76516.14486115519,66771.64954753127,373.0329541070387,1192501.683365116
2023-06-02,75763.79406074714,64158.01282111276,358.0847784653306,1159440.3306625318
2023-06-03,83421.32514258195,65872.99231038801,352.0263543277979,1221149.034202844
2023-06-04,85731.71715799719,69423.78375280742,375.34293165430427,1276132.9226325639
2023-06-05,78814.44494739268,64180.86217939481,345.30377047043294,1183081.2300979346
2023-06-06,76586.10096107144,64934.109006657265,348.71980542875826,1152329.8448859155
2023-06-07,77805.70792784542,63762.70348962862,332.38456507306546,1145604.7516780253
2023-06-08,78765.22134082112,63999.84403073788,335.46882162895054,1154468.2782612927
2023-06-09,81593.866935811,63857.30055014137,346.46726169623435,1169457.9366612434
2023-06-10,85926.79286135267,67997.19007002935,367.5203392235562,1237668.7143247575
2023-06-11,89373.73923109658,68028.43802147172,359.35578939318657,1235528.2288170885
2023-06-12,81484.12759180181,62365.437579821795,323.8948499429971,1137549.6335506812
2023-06-13,85686.86572340783,62859.57664093748,329.7452874965966,1130020.0060114823
2023-06-14,85635.17664638441,65750.14820281882,379.8047040142119,1164077.0838135015
2023-06-15,59883.844337665476,63479.67487438116,349.39616747479886,1184572.3473565746
2023-06-16,7751.630178146064,63073.67444326915,334.09776423778385,1238894.063406
2023-06-17,6742.729314743541,60912.69048416708,329.9295943621546,1194547.3191104736
2023-06-18,5640.666191173717,60351.541926688515,325.5173753462732,1160940.3021656163
2023-06-19,4640.839977082796,55773.04862603918,293.53662786167115,1096681.9241695385
2023-06-20,6160.276597394608,60413.239614930004,312.2697895988822,1188468.1918133516
2023-06-21,3297.34522969462,61105.830617758445,314.8986583193764,1211270.094019547
2023-06-22,6022.956430583261,58411.27741371654,307.1369861625135,1161195.4486534
2023-06-23,2450.42677996587,60538.61439370178,333.5458756443113,1188826.7947883345
2023-06-24,2319.0215081805363,61855.71228443459,319.3048354908824,1204678.306710599
2023-06-25,2294.5054995622486,63071.20751678385,328.3494005361572,1234078.2806709036
2023-06-26,2166.819474974647,60203.90709671751,318.30260392837226,1170401.41329824
2023-06-27,18029.072458644398,60699.43615272641,357.86573658231646,1162717.2763039079
2023-06-28,2645.406050422229,62341.174068963155,391.1761633027345,1148452.6834608614
2023-06-29,2384.3894561193883,65029.517246899195,427.1527754161507,1207350.6149524078
2023-06-30,3017.633563951589,66311.79780047107,418.0404911413789,1243805.3090669215
2023-07-01,2422.1986662168056,69841.8759606909,407.753505400382,1362225.1791795809
2023-07-02,2180.859754568897,70640.76275939308,391.7122559780255,1401761.484320797
2023-07-03,2781.884587961249,66442.26515986398,353.0559435086325,1335857.0835525915
2023-07-04,2859.6653179256245,65834.16509106196,344.1342429043725,1321275.383882355
2023-07-05,2300.998522605747,65492.63987482153,341.3142584571615,1289912.8820090648
2023-07-06,2290.385772035457,65681.72910657246,344.772443885915,1286635.4687588196
2023-07-07,2096.861232803203,65640.0952911377,353.4971976717934,1307702.358264234
2023-07-08,1743.4006658736616,66422.59146553185,374.7052727667615,1309279.7240538243
2023-07-09,1420.3372627245262,67054.86500699632,370.594136797823,1310976.4831680432
2023-07-10,2001.920489218086,63333.97575670108,342.13012799900025,1264858.4217586461
2023-07-11,2099.462420001626,63591.31387075782,330.34412361029536,1274084.462612141
2023-07-12,2215.567745802924,63695.4113072278,314.1313176639378,1304689.8679628503
2023-07-13,2095.898506921716,64666.24512100406,323.36166485305876,1299936.5916795097
2023-07-14,2062.1126123592257,63231.7676120121,324.9828956844285,1288316.6315264627
2023-07-15,1812.8058311659843,64222.034065339714,337.85094673745334,1300519.8410527129
2023-07-16,1593.910169923678,65661.54487825837,352.72134836390615,1310764.266850911
2023-07-17,1999.546367666684,62721.339598073624,327.08108431100845,1270241.7458144017
2023-07-18,1936.0811807848513,62763.780020733364,333.22934109624475,1279547.2327941377
2023-07-19,1555.6039771400392,63183.5446979776,341.42249095626175,1306983.372327052
2023-07-20,2049.165586450137,62233.60393041186,346.7466254783794,1288774.6786862705
2023-07-21,1695.1404239665717,63004.54044447839,347.7937442678958,1288956.8313393742
2023-07-22,1386.3410215694457,62838.585303746164,338.73963579908013,1294222.6546103042
2023-07-23,1482.221698725596,64344.47062577307,346.88163796719164,1314822.7527083084
2023-07-24,1723.5825477251783,62061.88519576937,350.22737969923764,1274089.0837723948
2023-07-25,1332.5739196566865,58916.37060412299,287.4830403942615,1186474.7253169585
2023-07-26,1670.9247055836022,58619.53855622653,277.01845653075725,1188760.5044921674
2023-07-27,1831.58728935197,62027.83545828052,293.0347788184881,1311591.4225711208
2023-07-28,1555.083006666042,62920.61575573776,300.4463397394866,1306597.20877897
2023-07-29,1313.1945541556925,63103.994699285366,319.8347293427214,1328080.6591815874
2023-07-30,1140.7487760446966,65040.81787794735,320.26902526058257,1362179.1292521171
2023-07-31,4430.964039329439,61245.08502754383,291.8263407917693,1303439.7073025722
2023-08-01,1391.563791230321,66194.5009163497,319.53101631999016,1412180.3876815457
2023-08-02,1440.4059607163072,67554.58018840943,320.0819811373949,1437626.4150802977
2023-08-03,1496.9795598937199,66452.0407128837,333.434588781558,1388775.0757136568
2023-08-04,1278.1561802355573,68191.03816483915,351.8152826819569,1391526.538624037
2023-08-05,1153.6276073446497,66961.49506604671,327.0867521231994,1391057.3082302045
2023-08-06,1016.739528466016,68935.41838360019,323.006567212753,1429402.9076526407
2023-08-07,1155.9924975363538,66652.19070693571,305.4268946060911,1381422.8256120346
2023-08-08,1132.4739185702056,66761.35454738885,305.8678247174248,1398704.036412742
2023-08-09,1307.4775638766587,67288.35585392173,303.5465874746442,1414596.9627044257
2023-08-10,1128.9657804938033,67283.27207822818,309.33460658974946,1404278.9330790471
2023-08-11,1175.838715735823,67020.51464064699,318.33087073545903,1404293.6459181737
2023-08-12,1077.1260558227077,67893.04826201312,315.1957878516987,1418010.346288709
2023-08-13,1134.7932759793475,68332.16772214603,315.32589606009424,1415371.6974020842
2023-08-14,1307.5974399084225,65730.06995924935,301.5273621054366,1385277.844635509
2023-08-15,1319.8863857872784,65749.56418486871,297.0768499476835,1390618.0190270673
2023-08-16,20160.495651883073,64501.3980719652,296.9665051503107,1368921.6006685887
2023-08-17,1773.9261382278055,64188.64339438453,310.17674568574876,1363861.900825752
2023-08-18,1620.0074117640033,65178.24667821452,319.8193864254281,1369157.9039556906
2023-08-19,1375.2634230451658,65796.91406877805,324.6507012080401,1380840.076345168
2023-08-20,1075.1495108045638,66340.27219770104,313.0735585866496,1403144.8663791362
2023-08-21,1507.2227461449802,62720.596318047494,287.75315016135573,1338476.009698594
2023-08-22,1463.9144071154296,63163.6174124917,294.7356874085963,1332852.8483043425
2023-08-23,1560.682027128525,62475.78876496665,294.71431138180196,1338958.90135712
2023-08-24,1346.0878063794225,62052.229313239455,297.07267110515386,1319923.694027923
2023-08-25,1262.252707353793,62664.024704692885,309.0659764725715,1339603.5505349934
2023-08-26,972.5931040579453,62532.91791654285,315.36499346233904,1328949.8841031827
2023-08-27,704.1903027342632,64844.9325374281,328.43864582479,1379961.4664640184
2023-08-28,1949.8849667049944,59804.630079858005,278.27356564532965,1302448.9074962307
2023-08-29,1282.0018925685436,55777.972630311735,244.8169069867581,1186277.9635216855
2023-08-30,1269.154946802184,59637.75227352325,286.1572411134839,1293389.4658314623
2023-08-31,1378.5707128420472,62414.304314672016,307.92528052069247,1297550.4449029826
2023-09-01,1298.2831560000777,66255.39425434452,314.35103844385594,1414790.902286265
2023-09-02,864.2893606731668,64796.20549006481,303.97186412569135,1416354.5724423788
2023-09-03,4727.874948613346,65600.32873208541,296.8402756154537,1444751.5222689044
2023-09-04,1752.9774194974452,61543.411676979624,283.7691281661391,1355342.36471951
2023-09-05,1711.8066920777783,63080.83364357054,291.9797497577965,1312120.475831367
2023-09-06,1861.0637468034402,64598.271412891336,295.7120818933472,1312007.9701082688
2023-09-07,1543.931789292954,62502.22027257923,280.82407354097813,1301854.6131937858
2023-09-08,1346.0944408765063,61560.109528421424,279.47527921013534,1306936.9292491488
2023-09-09,3696.991445573978,62973.8039945839,293.1059671379626,1342265.3629458416
2023-09-10,799.2271395334974,64413.90949738398,309.19997655041516,1372614.6056794748
2023-09-11,1282.3698217719793,60418.52409374062,279.23662467021495,1293868.228547033
2023-09-12,1301.0225822879001,60720.35897190031,274.99424598086625,1305224.0789503325
2023-09-13,1434.236875033006,60933.839249473065,274.62056940048933,1327064.4564603455
2023-09-14,1250.1019398029894,59521.90815237723,268.3920875135809,1291648.9547549933
2023-09-15,1211.1451244829223,59087.72409192938,271.3924963362515,1274524.821959613
2023-09-16,905.9435724709183,61277.25902384147,283.3009649403393,1324002.6588870771
2023-09-17,6346.169616212137,62478.281845291145,279.49641887657344,1352437.4113537185
2023-09-18,1663.2439316464588,56086.8081551604,254.9376526111737,1193706.842891965
2023-09-19,1597.4162800051272,57105.47007152811,266.50728666596115,1187068.7666442152
2023-09-20,715.515098744072,55606.47971553169,286.10111570730805,1150716.2903077342
2023-09-21,640.5891340570524,56605.56144088786,250.6486485907808,1211166.0328875016
2023-09-22,642.4656655173749,57532.84071794525,254.73152747750282,1244474.2692345753
2023-09-23,589.1023374358192,59873.038993705995,259.2755561815575,1311101.1844476499
2023-09-24,456.2178366817534,61396.157839182764,263.682653256692,1355637.656337358
2023-09-25,677.4748925836757,53922.969616319984,226.08927585650235,1161420.8987265546
2023-09-26,627.2966057024896,55913.056435946375,239.8702730992809,1201453.6019330472
2023-09-27,497.8067481247708,61088.85542431753,263.9285174794495,1364795.7353256643
2023-09-28,676.3961048126221,54709.71409746818,228.9130339017138,1199805.8238487225
2023-09-29,642.9571679169312,55501.44478341844,238.76265985146165,1217295.5515744444
2023-09-30,577.718620589003,58348.42827792652,248.74054759275168,1296474.5132549852
2023-10-01,478.9993189368397,63716.295984660275,273.4373060129583,1416813.1517085247
2023-10-02,683.3342008227482,56886.20874820743,236.0859202966094,1247978.7628719304
2023-10-03,685.9850638499483,57881.54666849505,237.19761924631894,1229474.027642617
2023-10-04,18231.934271618724,57884.421969990246,247.0328107215464,1201587.308426546
2023-10-05,1913.6853544469923,58258.51688237861,242.68753232993186,1205973.150583757
2023-10-06,1858.7767216097564,60034.05985508673,247.3662287183106,1242973.2835597731
2023-10-07,4028.4888856690377,63063.168533472344,262.3417375795543,1326311.758214077
2023-10-08,1732.3799361288548,65242.20437294338,258.33828515559435,1393029.3333182298
2023-10-09,1674.9332642424852,58214.658202733845,228.54093386232853,1219697.9402656853
2023-10-10,2383.348025404848,62486.71946059074,280.28648064285517,1207330.0845829863
2023-10-11,2877.335341334343,65656.45240494236,301.26222547423095,1225048.969551213
2023-10-12,2646.4070596983656,65680.51632933039,295.73955141287297,1214992.474174099
2023-10-13,2583.6437192792073,67325.20233601518,314.64775817655027,1244163.057880206
2023-10-14,3067.021149000153,68817.30263058003,313.27452024817467,1306653.4035360627
2023-10-15,2551.488495130092,69570.11662493926,319.65137896407396,1352245.5236943718
2023-10-16,3207.056031288579,64953.84876567125,283.54834072478116,1191001.6152645368
2023-10-17,3304.978971036151,67301.5004687868,315.05230637732893,1204078.571996335
2023-10-18,3393.8819850608706,72193.38028401323,344.40369976498187,1300882.0045438502
2023-10-19,2707.574358886108,65427.05303084105,297.572169884108,1225380.636091819
2023-10-20,1875.5075398897752,66515.43971844018,284.00161986611784,1159867.8384310845
2023-10-21,1599.8038379391655,67060.98922434449,288.6190269673243,1245134.098864235
2023-10-22,1486.9451793469489,67917.38935544994,287.61910445056856,1293039.0696083289
2023-10-23,1618.2612005705014,62166.29150723107,273.85596862901,1157355.7883730624
2023-10-24,1553.4445659695193,62310.41649610549,268.45230247918516,1169950.2371838875
2023-10-25,1688.35618469771,63208.840123641305,272.01119009498507,1192100.8639944717
2023-10-26,1598.2249281993136,63319.760342431255,269.8562447531149,1197433.9602452982
2023-10-27,1629.3825289187953,63003.931409695186,276.2960248384625,1212832.1781772096
2023-10-28,1875.8127029854804,69340.37356328778,310.7650355948135,1313632.0789989457
2023-10-29,1842.7979502994567,72204.9697181452,329.431130502373,1369689.090088671
2023-10-30,1876.078625335358,66821.33199603204,321.8520942805335,1275529.4630876929
2023-10-31,1892.4784481711686,67116.55583721958,305.62871110998094,1272325.4172497336
2023-11-01,1908.8824878996238,71029.30071030837,331.79018432460725,1377356.0696555953
2023-11-02,1865.438912560232,69153.43779984955,342.06515973899513,1357063.8587647676
2023-11-03,1915.6598296295851,70492.52224314213,333.34314058348536,1414428.8813499734
2023-11-04,1774.3031925177202,68875.08955375757,316.85020598676056,1404708.977553025
2023-11-05,1561.567250944674,69275.2573293522,305.61018096189946,1423050.0435347203
2023-11-06,1594.4248925307766,63297.32639956195,282.6567345643416,1223238.677970767
2023-11-07,1690.0722987968475,65413.21953756176,275.5054330220446,1219002.0550271682
2023-11-08,1635.9780551986769,64467.660122193396,271.70259789470583,1242650.181489084
2023-11-09,1771.3183171600103,63110.17486986425,268.48956616874784,1238126.885609962
2023-11-10,2327.6317602256313,63891.14906092733,281.8926289174706,1254855.069822101
2023-11-11,2347.610485191457,66320.69923721906,286.16592629253864,1321627.026523482
2023-11-12,2005.7814207915217,67824.98390602693,284.8811885807663,1376369.29746327
2023-11-13,2020.0455899843946,61097.36109721754,250.58610969781876,1199699.9683171045
2023-11-14,1978.036005768925,61358.153890633956,267.67401283048093,1196987.8816558141
2023-11-15,2577.889977726154,64873.3913905276,275.65382134448737,1226196.8627163582
2023-11-16,2169.5331253530458,62573.48598760646,273.8610831396654,1215340.6972185057
2023-11-17,1995.0812456943095,57847.20440349355,258.85205844789743,1117137.083826866
2023-11-18,1793.3117349343374,60297.23668736685,272.03370393253863,1191485.3691951558
2023-11-19,1448.3745195772499,59110.05108708702,259.09504790138453,1196181.6410624702
2023-11-20,1778.826936662197,54287.53603473771,233.20026588905603,1047329.0179085452
2023-11-21,1857.346773719415,55339.33075108379,247.2923295609653,1051896.2957969587
2023-11-22,1912.6576251769438,57505.67944063526,270.44630672223866,1094005.3538187966
2023-11-23,1902.7272399701178,57219.37522600964,280.1568119302392,1086373.5691182595
2023-11-24,4187.857775685377,57449.90639358759,271.0755030903965,1140879.6331503522
2023-11-25,2014.526221039705,62734.930116796866,315.4973129723221,1306966.8552892283
2023-11-26,1767.7809254676104,61700.83898238931,291.2241124333814,1291347.1502465103
2023-11-27,2148.1530046463013,55525.867611859925,270.2015122976154,1106775.068080714
2023-11-28,2404.414897341281,57079.63696655817,261.605223974213,1133399.1560733784
2023-11-29,1340.4153429428115,53132.60263196379,228.96290770173073,1178281.091732569
2023-11-30,1159.0474816886708,51887.174723091535,229.6882678726688,1149661.8110916577
2023-12-01,1185.4511490408331,56122.22874159552,250.14309298060834,1244868.01819738
2023-12-02,1006.6857114462182,58890.60740241222,260.0435963720083,1354193.5973076336
2023-12-03,891.3108788905665,61876.58104255237,274.4113267781213,1445323.7339846324
2023-12-04,1201.602629961446,52790.681585364044,220.28230844903737,1213444.56109114
2023-12-05,1250.7493049306795,54620.44445674028,217.5097586074844,1211288.221134143
2023-12-06,3953.230857865885,54881.433750996366,223.27880964055657,1217061.993457526
2023-12-07,1261.198024712503,56094.234951342456,239.51873988099396,1238448.9800049271
2023-12-08,1141.248505008407,59755.35147464834,271.8419448332861,1296240.4263082147
2023-12-09,804.1435270383954,63545.34374218341,296.89801235869527,1416335.323160002
2023-12-10,660.1132500534877,61745.78074876778,268.4452797472477,1409553.7722248957
2023-12-11,887.1072673555464,54754.00509338919,229.72110891900957,1227778.2751243655
2023-12-12,982.6610189843923,55236.76349674538,239.51458728313446,1235553.677638704
2023-12-13,1069.1738352458924,56954.59137505293,256.93096982873976,1275825.0223487243
2023-12-14,949.2302222829312,57291.94934657961,279.5660920832306,1282655.57419586
2023-12-15,882.38748784177,59044.85210693721,287.3582651913166,1319181.6793437954
2023-12-16,736.804526347667,61222.84315326717,282.48805823829025,1394069.538632799
2023-12-17,678.8947435729206,67268.02761987504,338.97960596811026,1494717.0100134425
2023-12-18,826.5075371833518,62515.97203404643,323.3129681944847,1390404.047860643
2023-12-19,808.8110264651477,63827.383384503424,348.3481303714216,1392867.3652811814
2023-12-20,754.7199602909386,60302.845388489775,303.2109583420679,1330185.6909424998
2023-12-21,725.6376051129773,60365.04755587131,302.4161032475531,1348224.1406190116
2023-12-22,717.0145855126902,60541.849164101295,299.1145672323182,1338974.188448619
2023-12-23,553.3922969792038,61564.430290825665,294.9989853464067,1354456.0337816365
2023-12-24,459.13845542725176,61297.281662804075,309.0516084646806,1354549.5716186706
2023-12-25,646.0029437737539,57580.427104015835,281.66694440320134,1279403.247372955
2023-12-26,1975.5596039760858,57245.546977221966,280.2347616320476,1265176.4508832525
2023-12-27,1028.562805368565,57471.684894454665,277.38911464624107,1267724.738302771
2023-12-28,790.6347413314506,57508.741119286045,285.4603571090847,1263073.8749021944
2023-12-29,688.2823073780164,57001.27218711376,290.8107619974762,1254841.536624264
2023-12-30,620.244975884445,58382.337774609216,303.730326523073,1278749.4034231454
2023-12-31,516.2723390916362,58062.98933710437,332.4671775624156,1262576.3114518393
2024-01-01,525.3929971363395,64933.271118799224,343.49929711129516,1459730.095875496
2024-01-02,755.6491374894977,56815.53964267392,270.093239268288,1274214.0621323325
2024-01-03,716.1523116696626,57552.64781354368,264.1570506757125,1241570.2544854674
2024-01-04,701.2262976523489,56042.54471708462,268.8887418657541,1218079.930968769
2024-01-05,670.0579878063872,57060.376195599325,269.2745565623045,1259874.8966689222
2024-01-06,601.8016437850893,63554.98157287482,333.81363922171295,1412676.4796895813
2024-01-07,4132.42335469462,63474.168508045375,328.9937076251954,1434310.9505194984
2024-01-08,851.9967161184177,56695.66088835057,269.8916826331988,1252596.5035459585
2024-01-09,855.0676959045231,55739.72125157714,257.71208216808736,1233060.422153268
2024-01-10,938.4086816366762,57011.646098351106,258.00674742273986,1276290.2081813663
2024-01-11,786.9476196058095,56465.4591425797,255.4901621248573,1258801.4723994024
2024-01-12,735.4264535484836,59395.781492071226,286.98775935266167,1314027.7117337007
2024-01-13,673.9823681125417,59310.37626969535,268.0707740839571,1350872.410292849
2024-01-14,629.2231011763215,60961.395831898786,279.538248417899,1393582.8455394693
2024-01-15,854.0155010102317,56965.02598276548,251.35654907952994,1273252.2792620584
2024-01-16,946.4855098975822,57633.8243314866,262.6497909547761,1312405.0838917028
2024-01-17,805.4736374961212,56764.883866215125,249.77043212763965,1295109.6712471358
2024-01-18,828.4536743080243,57762.38913174253,258.5552782099694,1311903.240554994
2024-01-19,780.0506892148405,57335.342131149024,262.86720536649227,1331055.873912638
2024-01-20,866.5000103646889,61932.36466187704,294.4003051696345,1463260.7473731972
2024-01-21,547.5979562727734,61916.85229393374,281.8531907685101,1466609.4812012743
2024-01-22,871.7011806834489,55151.74345300719,240.74654183723032,1291379.0698009823
2024-01-23,846.1617538286373,55530.343060988,243.56885891128331,1297876.8901800923
2024-01-24,851.5204620910808,57339.25354122557,263.1187355350703,1353847.2837426607
2024-01-25,683.1289379354566,56219.96982323006,269.59973904304206,1288430.3854321223
2024-01-26,746.6320990016684,55053.32840673905,269.47131223324686,1293371.6400277987
2024-01-27,610.7798999994993,57933.29051278345,288.1249953014776,1388626.8853780907
2024-01-28,543.7519857436419,58684.16679133568,277.3704793797806,1414520.3942899872
2024-01-29,7700.8590136049315,52666.31640235521,238.8129356559366,1256072.949729627
2024-01-30,1080.295800597407,52381.200884941965,240.14580316562206,1238062.3772778176
2024-01-31,835.5609273603186,51733.56710012071,227.1345538739115,1226588.721486982
2024-02-01,846.5845606746152,56255.90208246093,271.5080922981724,1337004.7273430414
2024-02-02,871.2554964935407,59867.22399841715,296.84557848703116,1424986.9765585754
2024-02-03,725.7242418872193,61791.13213599101,294.33205500617623,1498934.6858914662
2024-02-04,546.8421034067869,61676.784631324,298.5193796912208,1495156.3450974133
2024-02-05,810.4572934471071,57695.56770869158,293.9764412594959,1378420.113333473
2024-02-06,815.9230573475361,57892.43858428113,292.2300439244136,1347727.2123684268
2024-02-07,821.2054047929123,59711.63388835825,289.70046726986766,1397581.5325638
2024-02-08,730.1373472306877,59073.575242952444,284.3553624423221,1376611.2658888754
2024-02-09,742.962290911004,59751.80525557138,305.98405791353434,1392744.2074936442
2024-02-10,669.0277252783999,64338.07663017046,311.6911075245589,1500893.383766152
2024-02-11,564.0199311422184,62868.16294798534,290.61402829084545,1482904.54509262
2024-02-12,649.8624599464238,55127.554412762634,262.7327999928966,1275525.702687567
2024-02-13,682.9106498099864,54975.498828639276,272.19747205358,1262876.7368488759
2024-02-14,748.8541958956048,55168.062840858474,263.9461327698082,1285373.933602171
2024-02-15,686.3355690687895,53765.393195175566,244.14011496677995,1259794.870212227
2024-02-16,693.3848607158288,54983.61582164094,257.097647218965,1297745.2996757627
2024-02-17,558.8314774557948,59296.052660518326,286.02971351798624,1413510.3569784947
2024-02-18,480.9808611692861,59277.69314265717,288.1923658978194,1429707.087262515
2024-02-19,635.1163834612817,53498.23568586074,257.9905121875927,1265947.615474211
2024-02-20,669.0808681119233,55058.969201830216,252.67441919911653,1278480.304704411
2024-02-21,638.1016130698845,55412.426082872786,253.4056742331013,1287605.323830992
2024-02-22,600.5468679443002,52613.243657136336,239.84242910612375,1247622.412612429
2024-02-23,592.7850092668086,53976.55969598424,229.61240945849568,1232036.8242535088
2024-02-24,574.2819599239156,57288.627396848984,267.79450068064034,1346622.4977713823
2024-02-25,458.9517063377425,58850.59467897937,269.95557714253664,1423508.4596507624
2024-02-26,589.029765595682,51235.78113833163,222.6390485940501,1211181.0179642867
2024-02-27,625.4100703783333,52666.10936600901,245.33849056158215,1232099.5683930442
2024-02-28,584.7467662701383,52201.36038634181,234.08434437587857,1237404.4928038865
2024-02-29,591.7492449451238,54559.5959522957,271.8541098376736,1264173.900079634
2024-03-01,626.3028837451711,58131.62851691432,292.73481244407594,1379052.0165059436
2024-03-02,619.7553024757653,58198.56903903745,294.5821202173829,1405931.4146494213
2024-03-03,501.77641999628395,60562.19482823182,301.67979677859694,1470597.0998728275
2024-03-04,592.2181353550404,54837.112935757264,247.27359081897885,1311908.030730458
2024-03-05,580.0863498533145,53774.123092452995,238.71204505488276,1257457.7863758244
2024-03-06,594.9535932838917,53749.0033973204,256.2491942709312,1261840.0322145317
2024-03-07,632.311769939959,56174.64271801803,272.9349437961355,1238384.9849622976
2024-03-08,601.7462467551231,55841.69091200642,283.95779238268733,1301936.6101463512
2024-03-09,474.043294230476,56958.02921088692,286.14455907419324,1355468.8201572653
2024-03-10,390.7384416041896,58205.28918138519,311.47752917092294,1397656.5239871945
2024-03-11,485.631119530648,50417.69571414497,241.5929695032537,1220380.5403658934
2024-03-12,501.954869617708,54454.52206628863,268.47190639190376,1310212.181849964
2024-03-13,572.3049873849377,54210.53837091103,256.6818017438054,1336116.4804361109
2024-03-14,528.1937621161342,55210.80364010669,263.8724900940433,1336042.7120245714
2024-03-15,509.554668338038,55716.33263488393,275.33877614326775,1332412.5982831698
2024-03-16,453.009174387902,57510.746782246046,284.5158102372661,1405492.5972986408
2024-03-17,385.1060877647251,60005.22679822147,280.73946208134294,1454704.7989733703
2024-03-18,518.6272979304194,57802.857190670446,285.17409995011985,1392303.538188273
2024-03-19,542.7560363877565,57904.29604642559,277.6766908178106,1371298.5678071808
2024-03-20,427.5449753636494,58238.13921847846,280.8581349980086,1410841.6341716982
2024-03-21,534.8164445850998,59188.959878996946,281.73674752004445,1437147.5976484176
